{"cameraMode":{"drawMode":0,"name":"Shaded","section":"Shading Mode"},"sceneLighting":true,"audioPlay":false,"sceneViewState":{"m_AlwaysRefresh":false,"showFog":true,"showSkybox":true,"showFlares":true,"showImageEffects":true,"showParticleSystems":true,"showVisualEffectGraphs":true,"m_FxEnabled":true},"in2DMode":false,"pivot":{"x":-1.9644521474838257,"y":1.5663201808929444,"z":-0.10370784997940064},"rotation":{"x":-0.19820183515548707,"y":-0.7077094912528992,"z":0.21843969821929933,"w":-0.6420432329177856},"size":18.095748901367189,"orthographic":false}